"root";"kingdom";"phylum";"class";"order";"familly";"genre";"species";"abond1";"abond2";"abond3";"abond4";"abond5";"abond6";"abond7";"abond8";"abond9";"abond10";"abond11";"abond12";"abond13";"abond14";"abond15";"abond16";"abond17";"abond18";"abond19";"abond20";"abond21";"abond22";"abond23";"abond24";"abond25";"abond26";"abond27";"abond28";"abond29";"abond30";"abond31";"abond32";"abond33";"abond34";"sum"
"root";"Bacteria";"Actinobacteria";"Coriobacteriia";"Coriobacteriales";"Coriobacteriaceae";"Collinsella";"None";0.000181006739323561;0.00386870462141293;0;0.000331783166284697;0.000986297239368369;2.5830284697424e-05;4.19018936995515e-05;0.000424374715723347;0.00172407748923745;0.0101276882074403;0.000353809419125317;0.00192033337609379;2.12685295417217e-06;8.80532416621217e-05;0.0010531390287142;0.000419240247063718;0.0037219652173342;0.00485439711777202;0.00494810231901688;0.000218118338364771;0.00726372387073706;0.00229810369850865;0;0.000386150645690272;3.01076508665558e-05;0;3.10030606221446e-06;0;1.4132786955303e-05;0.000933590762277378;0.00348627706728272;5.72139425473936e-06;0.000310831410152691;0.000339539400041261;0.00148124201494464
"root";"Bacteria";"Bacteroidetes";"Bacteroidia";"Bacteroidales";"Bacteroidaceae";"Bacteroides";"Bacteroides fragilis";0.000394445678913328;0.00212054857669702;0.00858329592225538;0.00137142720851954;0.000380243102089936;0.00742759771199312;0.000720313505978004;0.0019375115226285;0.00075830674901627;2.5677220223642e-05;0.0046923898090708;0.0011331521844764;1.70148236333773e-05;0.00334811968891449;0.00412138605959899;7.76074503152303e-05;0.00184682362752276;0.000599496452011615;0.0105473847214527;0.0237105483599783;0.0046038074549905;0.00185388426301736;0.00537987092829276;0.00117428002007438;6.18167725238859e-05;0.00172176646711776;0.00334678039416051;0.00129809308941957;0.0144497651770148;0.00141479447983649;0.0220564897526067;0.37333977398858;0.00201766690308508;0.00141388634951964;0.0149395872475156
"root";"Bacteria";"Bacteroidetes";"Bacteroidia";"Bacteroidales";"Bacteroidaceae";"Bacteroides";"Bacteroides pyogenes";0.000102994149494036;1.58464907226e-05;4.97976029244774e-05;2.51286351871594e-05;3.16869251741613e-05;8.74255789758968e-06;5.38738633279947e-05;6.21794455272304e-07;1.60913898995495e-05;1.71181468157613e-05;5.48069668180354e-06;0;0;6.19966701498612e-05;6.24452433272574e-07;7.60072967004832e-06;0;1.16125220728642e-05;0.0331639807894656;0.0295353929740454;0.00418441678983079;1.27283505871429e-06;0.000554968463169368;0.00215152769655273;7.43082446919251e-05;0.000642665725438182;0.000337003268962712;0.000130152820785673;0.000337840907217244;1.04156648822318e-05;0.000254546545541251;0.000107071806767265;4.10589436111675e-05;0.000895719699891458;0.00214210470008289
"root";"Bacteria";"Bacteroidetes";"Bacteroidia";"Bacteroidales";"Bacteroidaceae";"Bacteroides";"Bacteroides thetaiotaomicron";6.74940383918362e-05;0.00194191540855134;4.52705481131613e-05;0.00849731187489858;0.000847875408344401;0.00376486334189839;0.0411666152315379;0.000190890897768597;0.000556014990279076;0.00034993442432989;0.0640781742216041;0.00709434901087282;0.000202051030646356;0.00432479186939129;0.0259566142938411;0.000282827151406535;0.00154394455260903;0.00148059656429019;0.029804483540918;0.0128360584407494;0.000828985343979938;0.0122115795533049;3.5557859616241e-05;0.00041344044397227;1.56944137495876e-05;2.71508216589614e-05;0.000230042709816313;0.00070610767874925;2.92750586931277e-05;0.00915884131977584;0.00615017298743216;0.0323790047716428;0.000257910993942741;0.000236570386333096;0.00787389444656204
"root";"Bacteria";"Bacteroidetes";"Bacteroidia";"Bacteroidales";"Bacteroidaceae";"Bacteroides";"None";0.00333087462193477;0.00402861011870462;0.00209451735936893;0.00909315866518393;0.00616560854573024;0.00751979195891316;0.0130707303965648;0.0343050218918283;0.0116981531107243;0.00204397256882812;0.0276787361757038;0.0110239380828542;0.00160896425983124;0.0260460889834912;0.0141210550998094;0.00459164079751656;0.0144491376564875;0.00448170773749604;0.00739111052554637;0.0399654153358517;0.00165429719308256;0.00617897779252852;0.00279810446699765;0.00692451341607418;0.00766944361701787;0.00402178766786573;0.00281910830237161;0.00697825226517435;0.00330269771348332;0.00752323474443604;0.0276666198208384;0.0600517540977443;0.00573243680876508;0.00298979204318941;0.0115005662894688
"root";"Bacteria";"Bacteroidetes";"Bacteroidia";"Bacteroidales";"Bacteroidaceae";"None";"Bacteroidaceae bacterium";0.00313146041759526;0.00166532211593869;0.00116345308650824;0.000267896805639377;0.0012581377027046;0.00429378809470257;0.00210906198287742;0.000453599055121146;0.00486936952210296;0.000155050906735069;0.000331582149249114;0;0;4.76206306948209e-05;4.05894081627173e-06;4.28041091944827e-05;9.15203708750168e-05;5.334502327222e-05;1.15508662247257e-05;5.27524626233837e-05;2.29593429831962e-05;3.81850517614287e-06;0.000398447417568906;0.00103319176295645;0.00701796529933091;0.000287105497117103;0.00153372140897749;0.000132442899743778;0.0012918040267002;0.000920397586759885;0.000636050549280495;0.000145486882477658;0.00550980609229564;0.0021874456783093;0.00120950050566331
"root";"Bacteria";"Bacteroidetes";"Bacteroidia";"Bacteroidales";"Bacteroidaceae";"None";"None";0.00389230230492141;0.00153638930505935;0.00128945611208988;0.00145959038621009;0.00507824669238533;0.0112286234524679;0.00261587536381485;0.00663330324884494;0.0192740369446818;0.00274746256392969;0.00747475682453306;0.0665056346624062;0.000640714452444366;0.00139986684193455;0.0270672029464164;0.0111850737670816;0.00731916723849798;0.000488451709689851;0.0669314943391731;0.030153831418843;0.000950516799504323;0.0024918928361979;0.000983324360789318;0.00264956651519919;0.00382975724905753;0.00176047082990819;0.00558241109562336;0.0201645269059468;0.00361193655186245;0.00818705978626361;0.00326078546242359;0.0142675225872472;0.00446325924069543;0.00165156392954853;0.0102581198448733
"root";"Bacteria";"Bacteroidetes";"Bacteroidia";"Bacteroidales";"Bacteroidaceae";"Phocaeicola";"None";0.0658237800781265;0.0216030886251008;0.0348319142274015;0.0466468391797162;0.0591775008155214;0.0309307724526769;0.0214737228568844;0.0213735626055302;0.0553710473368462;0.00129900398721143;0.0683933094090774;0.0433605639715915;0.00365871879441467;0.0625112125620229;0.0922740871598217;0.0228053893173745;0.0688167524140037;0.0345585027975291;0.21228145851344;0.113937836647697;0.0100399676242651;0.0515437739113999;0.00325935969267375;0.00396056842466638;0.0258041785575873;0.000264864930439017;0.0108516912789631;0.0915062116483339;0.000405812882573702;0.0233428937563991;0.0252563230025123;0.12589928057554;0.0289033673200006;0.0171585497681721;0.0440978207978092
"root";"Bacteria";"Bacteroidetes";"Bacteroidia";"Bacteroidales";"Bacteroidaceae";"Phocaeicola";"Phocaeicola vulgatus";0.00773069703372467;0.00171790365333641;0.000217298630943174;0.00218150626150221;0.004780723142329;0.000511837026004341;0.000810435832903229;0.00325385038443997;0.00709572825320492;0.00231950889353566;0.0150825727851743;0.0132013201320132;0.000593923687452578;0.00832672185268813;0.0298956602429245;9.48091016737607e-05;0.0182314324456541;0.000140076047503925;0.116529109085298;0.0362734912140961;0.000209389208006749;0.00199135044935851;0.000215008739922504;0.00253795124022582;0.000493573297716623;0.000193232975423885;0.00371602684617025;0.0540721993193122;7.974929781921e-05;0.00132452538419048;0.000474985117238265;0.0175646803620498;0.00260526600720934;0.00486353284102581;0.010568531670355
"root";"Bacteria";"Bacteroidetes";"Bacteroidia";"Bacteroidales";"Muribaculaceae";"None";"Muribaculaceae bacterium";0.000941410353673144;0.000197360838999654;0.000556073232656664;0.000379484982233203;0.00081618848317024;0.00041447672214482;0.00170134990608655;0.000219804339938759;0.000418950829884699;0.00349572309685711;0.000708836770846591;1.4091515158583e-05;0;9.04492482379618e-05;8.99211503912507e-05;2.20021122027715e-05;0.000233110182318428;0.00164752656908761;0.000249426517540171;0.000186691339355096;0.000112959967477325;0.000256794473095608;0.00104247668800138;0.000467201346587806;0.0042201958278483;0.000470517962579236;0.00157061505111785;0.00153320786245175;0.000843592783260589;0.00127487738158517;0.00125757362821993;0.000108706490840048;0.00230112568416366;0.00996326700381945;0.00111194089240681
"root";"Bacteria";"Bacteroidetes";"Bacteroidia";"Bacteroidales";"None";"None";"Bacteroidales bacterium";0.000512779382587327;3.24132764780454e-05;0.000323684419009103;0.000737674510917966;0.00596881606306966;0.000747488700243917;0.00270932323785909;0.000199285122914773;0.00178614427884999;0.000647856017950352;0.0003961325768348;0;0.000138245442021191;1.97670542506804e-05;6.24452433272574e-05;0.000133612826831376;0.000166214126477048;0.000420953925141328;0.000125254705624369;0.000129075174504024;0.000115715088635309;0.000865846048690396;0.00359533161858048;0.00689640492384372;0.00655225759337375;0.00114986618110984;0.00246722356431027;0.00160763542859019;0.0014364968455283;0.00457247688329977;0.000550464800097271;7.92821775299597e-05;0.00363690998298031;0.000415935765050545;0.00144702979372095
"root";"Bacteria";"Bacteroidetes";"Bacteroidia";"Bacteroidales";"None";"None";"None";0.108410765211469;0.00789299296992048;0.0565979937602095;0.029979313596423;0.107536084736842;0.124589795209555;0.126142325435381;0.0267666968133345;0.100682102523992;0.139387473203516;0.0382120262318323;0.0298783853650383;0.00548515376881002;0.0712174019561597;0.0357127468850751;0.1465820718789;0.0118135151373873;0.0567097515428324;0.0356272030118884;0.06990748864232;0.0264712040859059;0.0148208914236692;0.0963441867884274;0.132558284868926;0.140449949233376;0.0590313742186196;0.121720806277996;0.0691996975569056;0.128545436741814;0.0771210546763384;0.0910894497404794;0.033513475518154;0.130204297137796;0.192087403346604;0.0777143764557617
"root";"Bacteria";"Bacteroidetes";"Bacteroidia";"Bacteroidales";"Odoribacteraceae";"Butyricimonas";"None";0.00104791068697974;0;0.00460476925224372;0.000728730420427621;0.000891570010426666;0.00841351980944403;0.00077751291642501;0.000378051028805561;0.00578025712891674;0.000949727953143682;0.000477125094465897;0.000604477408871629;0;1.79700493188004e-05;0.00387597625332287;0.00741871219637085;3.69364725504552e-06;0;0;0;0;0;0.000311380508975867;0.000608016705722916;0.000365455634454683;1.09758640748993e-05;0.000967915552623355;0.029435148208185;0.000742980799935931;0.0248507348425169;0.00628218347879226;0.000392324177467842;0.00283854163498538;0.00588547262223695;0.00319591570254088
"root";"Bacteria";"Bacteroidetes";"Bacteroidia";"Bacteroidales";"Prevotellaceae";"None";"None";0.0021887352449924;0.000550305405093926;0.00109403824606806;0.00143233220566808;0.00232015001591017;0.00320772397042472;0.00167541063855826;0.000490906722437484;0.00484753120723929;0.000680446335926513;0.000886959413005206;0.00292228869530063;0.000261602913363177;0.00263291172602623;0.00205569741033331;0.00446482862354786;0.000377572830515764;0.000450348121638266;0.00397061026474946;0.00870078915439299;0.00109072185398837;0.000135238724988393;0.00162702131477678;0.00103346466093927;0.00211233997303123;0.000545038302877236;0.00188808639188861;0.000529008239322411;0.00301465805553714;0.00104538556534667;0.00979435734103079;0.000724982386279116;0.00580816774920346;0.00101418942534064;0.00222276026852182
"root";"Bacteria";"Bacteroidetes";"Bacteroidia";"Bacteroidales";"Prevotellaceae";"Prevotella";"None";0.0186835769911947;0.0256561887749222;0.00654008518408137;0.00527062475323893;0.0339106802282259;0.0210016110149871;0.0229246590649094;0.00490284927982212;0.0289820299403297;0.00573721274432863;0.00256983777746788;0.0677952512565744;0.0125984134740388;0.118604721510658;0.131834397712506;0.278735558613627;0.0214785587880897;0.00669461897500622;0.138207197272552;0.160061447265683;0.0654032089202252;0.021203522825592;0.0548870456403406;0.0580320289446516;0.0422218165162886;0.0272727115178985;0.0187385598706304;0.0319695022551553;0.0290243699721349;0.0197776116672112;0.10716693800402;0.00443326320538661;0.0453637457435562;0.0500001291725978;0.049637763966998
"root";"Bacteria";"Bacteroidetes";"Bacteroidia";"Bacteroidales";"Prevotellaceae";"Prevotellamassilia";"Prevotellamassilia sp.";0.0016829682300302;0.00458179670392993;0.000424788643128497;0.00817915779888488;0.0456315070768578;0.00844650309605766;0.00142732482347996;0.0020183448018139;0.00386337030713291;2.83107812722207e-05;0.033337859982815;0.00061516752381952;2.12685295417217e-06;0.000365091501993627;9.80390320237941e-05;0;2.91387727898036e-05;4.20953925141328e-05;0.0634481862432793;0.000907267530934082;0.000148470417958002;0;0.00327099076824916;0.000267440023163581;0.0158395070032318;1.9641019923504e-05;0.00220648782447803;1.67939123594416e-05;0.000211991804329546;0.00910259672941179;0.000672369225133155;1.38948146186527e-05;0.00727868621112935;0.00359948670500263;0.00640521769278529
"root";"Bacteria";"Bacteroidetes";"Bacteroidia";"Bacteroidales";"Rikenellaceae";"Alistipes";"None";0.0226543301589222;0.000596404287196036;0.0155413791672483;0.00915406366233247;0.00385579847382427;0.0234980086837443;0.0251880264341089;0.00619991251352014;0.0127466795704289;0.0278443117714912;0.00836323865328321;0.0077376995650095;9.09229637908602e-05;0.00389950070217968;0.00921910349861965;0.00439762217172849;0.00112820403379113;0.00444578149733311;0.00579745195110374;0.0111173008996727;0.00444156143124258;0.00139057230164536;0.0918761921852465;0.0361799958683245;0.0718820164439021;0.0403490093704995;0.10280707911485;0.00438740960390413;0.0121437654388079;0.032620126467003;0.0249619838208194;0.00676187066706553;0.0390631748113418;0.0057345252150447;0.0199433830411478
"root";"Bacteria";"Bacteroidetes";"Bacteroidia";"Bacteroidales";"Tannerellaceae";"Parabacteroides";"None";0.00178683892547738;0.000141177826437709;0.00761903324744504;0.00132713266513879;0.000521333305760149;0.00799387703035973;0.0587800429926732;0.00460998409138886;0.00267634295579293;0.0186284940771212;0.0272451521715434;0.0135968543850852;0.00026745175898715;0.00717783669957282;0.0140280116872517;0.00984014465388677;0.00782027204943249;0.00100666050719142;0.0167047183483705;0.0120571178224382;0.000839699704038763;0.00177114998420093;0.0003638865072877;0.00361016741472552;0.0114572423313571;0.00701877623736981;0.00497320095439822;0.0103629889652545;0.00409817172211038;0.00610878745342896;0.0173457995872304;0.0093781825255542;0.00640823660657259;0.0247837927510552;0.00948083999840997
"root";"Bacteria";"Firmicutes";"Bacilli";"Lactobacillales";"Enterococcaceae";"Enterococcus";"None";1.92840109690961e-05;8.78759940071453e-05;0.000402153369071916;0.000108180904026076;0.00025316185481251;1.47033928277645e-05;6.01924028541176e-05;1.67884502923522e-05;8.62038744618723e-07;0.00083944758423445;3.68424610276793e-05;0.0208428086624917;0.158555824307058;0.0591067867185762;0.013706730910333;0.0162667616091145;0.0600660916615503;0.00170268604893372;0.000138610394696709;0.000167610661384935;0.00100163960321357;0.000175014820573215;2.29298347058003e-05;8.59628645882938e-05;0.000112102955354197;0.000214318187988823;0;0.000527863199843359;4.81187746335318e-05;0.000182968513097872;6.66368748253151e-05;0.00463187732022971;0.000121656129218274;0.000135815760016505;0.0099917737728028
"root";"Bacteria";"Firmicutes";"Bacilli";"Lactobacillales";"Lactobacillaceae";"Lactobacillus";"Lactobacillus amylovorus";0.0123891005016911;0.0185987380431025;0.0391031904418783;0.0560747623746816;0.0289518432117601;0.024623016929566;0.00847349405924263;0.171239394906944;0.0152736024771545;0.0402154647971895;0.0575326999677857;0.000683195528033369;0.004508928262845;0.0029839266893868;6.86897676599832e-05;0.000815278266713605;0.00714146176500524;0.0257939517630349;2.09359450323154e-05;0.00594755956258107;0.000375002602058871;0.0257392705573204;0.0349071840169083;0.00112324809728704;0.00699266206083667;0.0407369195139887;0.00111487005997232;0.00121908536536492;0.0158822240834131;0.000113183558386919;0.00556812673007171;0.00023866387462627;0.00145014106028183;0.000324038688300247;0.0193007016332384
"root";"Bacteria";"Firmicutes";"Bacilli";"Lactobacillales";"Lactobacillaceae";"Lactobacillus";"Lactobacillus delbrueckii";0.014724218920858;0.0320509680765241;0.015984276029622;0.0184559177722911;0.00770892857500228;0.0206654199249253;0.0285445011413278;0.0313757482130405;0.000622966666111131;0.00610656968139178;0.0154205490805522;7.96899477933659e-05;0.000647095011306882;0.000317770372120786;9.6790127157249e-05;0.00126172112522802;0.004922400575224;0.041802176331793;0.000498131105941296;0.000512933519550774;0.0139216272112909;0.0442052433803826;0.00135418951342226;0.00593716851423149;0.00404915874739361;0.0167529234791641;0.000759574985242543;0.00306832412403526;0.0019493151150493;0.00688753199779049;0.0124778337646834;0.00163631875685546;0.00524307502898457;0.00179365378717449;0.0106421973706901
"root";"Bacteria";"Firmicutes";"Bacilli";"Lactobacillales";"Lactobacillaceae";"Lactobacillus";"Lactobacillus johnsonii";0.0513848768650159;0.0125014405900657;0.00296371188314163;0.0030499348572076;0.0182416625028935;0.0498007888966336;0.026726091976652;0.00306109410330555;0.0253769839103342;0.0440048299509631;0.080314738141447;0.00482464324170933;0.00110224154349973;0.00248435931832415;0.00513393568015047;0.00640421480462124;0.00406013914379615;0.000326965074614083;0.00220116194494929;0.000718331405935438;0.0103127246189055;0.00286546992593055;1.72804551406031e-05;0.000111342376990552;0.000503502416619423;0.000762244876148927;9.67295491410912e-05;0.000442366918740747;0.00029241409200377;0.000180885380121426;0.00153296393555488;4.16844438559582e-05;0.00131905658104914;0.000105921530230263;0.0106843156745792
"root";"Bacteria";"Firmicutes";"Bacilli";"Lactobacillales";"Lactobacillaceae";"Lactobacillus";"Lactobacillus porci";0.00069685403274688;0.159167194883024;0;0.00027385953263294;4.06926828552388e-05;0.00486880997096676;0.0513321476649338;0.00283289553822062;4.02284747488737e-06;0.00283239490774636;0.0297452633078928;0.0156639338845545;0.0131912737350143;0.00997128086618034;0.0237535461092554;0.00700507248695875;0.0378836878687491;0.0274763158983411;0.005363933503107;0.013843593063762;0.108521773416387;0.122983232625563;0.0171767724097595;0.0785621441921988;0.0655747838815168;0.0406089640459577;0.0228929699939978;0.00965306448824178;0.0327648475863051;0.0702019284950718;0.0306475935719102;0.0155017090621981;0.0849582536992587;0.0300938937160484;0.0334143736461421
"root";"Bacteria";"Firmicutes";"Bacilli";"Lactobacillales";"Lactobacillaceae";"Lactobacillus";"None";0.103730009821697;0.219123112827014;0.153059723170598;0.199543510657736;0.10275436095477;0.0890055976213884;0.079885295228771;0.373369538351816;0.0448593468849655;0.109341175200282;0.167408489111987;0.0225862692276295;0.0277277819635426;0.0245024617470063;0.00970961088495526;0.0119935513809326;0.0283926560442844;0.105065019236869;0.00604796136235248;0.0322347477104122;0.059397044795821;0.176761150273771;0.119966236649187;0.0603186411427003;0.0889882868426363;0.15932362104154;0.0353437991398511;0.0293794229535377;0.113365141077181;0.0473305171690084;0.0751825013461596;0.0119209336007676;0.0722454923362721;0.0234610653491554;0.0877448256796058
"root";"Bacteria";"Firmicutes";"Bacilli";"Lactobacillales";"Lactobacillaceae";"Ligilactobacillus";"Ligilactobacillus salivarius";0.00533685003569733;0.000347182205831509;0.0489480256382204;0.0433008975181852;0.0247268086730116;0.0322250684105155;0.000841363421110041;0.00201989928795208;0.0445622308643203;0.000336108228824852;9.07359783987475e-05;0.0012473420486925;0.00210930641730025;0.0012117803257311;0.00128449865524168;0.00218220949211124;0.00593774316511096;0.0472604245973539;0.00834369602451671;0.00598123134723429;0.0802104545215212;0.052892024447343;0.000805202746263102;0.0134669696562004;0.0119034120936668;0.00253426924718859;0.00167571542662692;0.0244172035311491;0.0124937201634154;0.00785480007652042;0.0302588258330004;0.00695067667747193;0.0190157654177854;0.00338210767606317;0.0160633691132228
"root";"Bacteria";"Firmicutes";"Bacilli";"Lactobacillales";"Lactobacillaceae";"Limosilactobacillus";"Limosilactobacillus mucosae";0.00928656610054946;0.0155050708770312;0.00398531725222863;0.00369135391808661;0.00644979023255535;0.0047269420996286;0.0066115202273078;0.00548702517055045;0.000637908671017855;0.039571888315943;0.00279728668976273;2.91548589487924e-06;0.0003706041272645;0.000454043246121689;8.89844717413418e-05;0.000126012097161327;0.00129400775501761;0.0173846713257073;0.000147634508934776;3.18011299502668e-05;0.00104174192229089;0.00306498682138401;0.00265487607919765;0.0147498630734371;0.00817038368037205;0.0113016739348068;0.00121997043548139;0.00195114727230604;0.00232316097950981;0.0044794302770185;0.00606900864226578;0.000993887916251866;0.00717223709806336;0.0123060888641042;0.00576911178526308
"root";"Bacteria";"Firmicutes";"Bacilli";"Lactobacillales";"Lactobacillaceae";"Limosilactobacillus";"Limosilactobacillus reuteri";0.0125889529790072;0.0217629941223925;0.0411924262373007;0.0413055135206964;0.0488845868792114;0.0303819782501055;0.0380003618195265;0.0218918282839996;0.0260720744847451;0.02417543203569;0.0180083513638105;0.00225269876811003;0.00104534822697562;0.000236905150186185;0.0029452299015301;0.00081087784427305;0.00279855340357282;0.0626680640401561;0.00320175573166616;0.0055775440623362;0.0239533294720821;0.0317912830527421;0.00590858639230621;0.0028367745314137;0.00940671913084977;0.0213417011780568;0.00249171598220176;0.0275389628308735;0.00760815031093814;0.0139920570139608;0.0253027477446892;0.00534868628614491;0.0187916139997007;0.0162831286193701;0.0181881451073712
"root";"Bacteria";"Firmicutes";"Bacilli";"Lactobacillales";"Lactobacillaceae";"Limosilactobacillus";"Limosilactobacillus vaginalis";0.0150239976368321;0.000417771119050363;0.0145431635813531;0.0202660313239085;0.0042463815199184;0.00962953013519968;0.000211172242057263;8.05223819577634e-05;0.0031030521343792;3.950341572868e-06;2.43586519191268e-06;0;0;0;0;0;0;0.000448896556379158;0.000164238879132819;0.0078111057776667;0.00118929396652956;0.0129533241837707;0.000128606464219488;0;0;8.86734281840548e-05;0;0.000153816970019431;0;2.60391622055795e-05;0;0;2.28105242284264e-05;2.28820030462589e-05;0.00266287341755304
"root";"Bacteria";"Firmicutes";"Bacilli";"Lactobacillales";"Lactobacillaceae";"Limosilactobacillus";"None";0.0300519397304534;0.0140702431716031;0.0268839149970008;0.00948669864675911;0.00882230706164808;0.0211629509470972;0.0276020410877998;0.0218131712854077;0.0194237443399973;0.0546783236857214;0.024578184269548;0.0069427437443391;0.00599187648514154;0.00308635597050396;0.00577025270965522;0.00515049444746696;0.0203749790693322;0.0182276678499343;0.000162073091715683;0.00029406691930482;0.0239101659072736;0.0203010827689636;0.0396513335858938;0.023877481904817;0.0274799575930535;0.0527225630837788;0.00950832866220553;0.0337805730311905;0.0260541292470287;0.0153065139220985;0.0236592487087132;0.00310753442235986;0.0239838975947367;0.0146681020817825;0.0194877924124802
"root";"Bacteria";"Firmicutes";"Bacilli";"Lactobacillales";"Lactobacillaceae";"None";"None";0.0141194022131909;0.0103023798547885;0.0141772266507717;0.0217132703470605;0.00808983877025378;0.00803639765286164;0.0223051096366374;0.0172933473900333;0.00996488054154423;0.0287351137961729;0.00898073047943308;0.000599132351397684;0.000821496953549;0.000899700469227938;0.000323466360435193;0.000481246199635165;0.00216201485995331;0.0191174773537675;0.000215856812574562;0.00102137746781445;0.00915741047999109;0.00922041716532632;0.00485148778072432;0.0052530132713018;0.00675756614875101;0.0114102772214427;0.00131049937249805;0.00301565230799883;0.00412239935689089;0.000615218605710492;0.00317393645494984;0.00130529523211696;0.00636991492586884;0.00235906070115624;0.00759651809370089
"root";"Bacteria";"Firmicutes";"Bacilli";"Lactobacillales";"None";"None";"None";0.00276813212001842;0.00175319810994583;0.000786198518898568;0.000382466345729985;0.00046496393360822;0.000198297108677148;0.00114831142019485;0.00151748936809206;0.000425559793593443;0.000866770780113454;0.00329816146984977;0.000910603427833949;0.00861269103792019;0.00768579009365091;0.000882351288214147;0.00128732358306397;0.00816049800214724;0.00198719283971889;0.00082877465162407;0.000102137746781445;0.00138705044075816;0.00195189256253836;0.000463249124346167;0.000189664098059886;0.000282819741650732;0.0011377349629218;0.00010075994702197;0.000272137716188225;0.000124839618105177;0.000855126086831232;0.000773745702947971;1.79815248006094e-05;0.000249699205220508;1.88222928283743e-05;0.00152624807834988
"root";"Bacteria";"Firmicutes";"Bacilli";"Lactobacillales";"Streptococcaceae";"Streptococcus";"None";0.00249464978263852;0.00385573931082171;0.000604361817310703;0.0064342083351257;0.00143992058923005;0.000866705398847413;0.00173261004900526;0.000958807050029893;0.000378435008887619;0.00222996781788399;0.000881174233174413;3.74154023176169e-05;0.000906039358477343;0.0011204325750272;0.000631321410038572;0.000934489711012257;0.000139127379940048;0.000840456285023548;0.00055660736620397;0.000171726101731441;0.000769291052223628;0.000950171371330218;0.00019540206966682;0.000434726486632229;0.00012811766326194;0.00222405666780854;0.000232212924059863;0.00245305624395753;0.000701591923852544;0.00425410472673288;0.00255809803831778;0.000102985096585308;0.00249881689414335;0.000867670792931528;0.00134072049806563
"root";"Bacteria";"Firmicutes";"Bacilli";"Lactobacillales";"Streptococcaceae";"Streptococcus";"Streptococcus suis";0.0031012195822119;0.00360651722945719;0.00497221520109555;0.00422246252958471;0.00437279567403427;0.00435895988993914;0.00386495086171577;0.00312296265160515;0.00145713282465385;0.00113210205575775;0.00381456489053526;0.000480569258339261;0.00235655307322276;7.18801972752014e-05;0.000334082051800827;0.00015281467020834;3.28324200448491e-06;0.0010164585726904;0.00081938957281648;1.34687138612895e-05;0.00166746054972626;0.00261249395801108;0.00401039485839996;0.00428668151413625;0.00223469234144638;0.0177271758350755;0.00502094566775632;0.00173626153007045;0.0050787179408664;0.00262370598383419;0.000711530232139502;0.0128371740235623;0.00219467657109767;0.00224944852527336;0.00318428653747663
"root";"Bacteria";"Firmicutes";"Bacilli";"None";"None";"None";"None";0.00268047752470435;0.000459548230955399;0.00102839595130398;0.000576680882091759;0.00140256337218262;0.001830373712559;0.00157930232681881;0.00193160447530341;0.000368090543952195;0.00113210205575775;0.000316966958097638;0.00020456992695736;0.00584352849158803;0.00230346082184823;8.43010784917975e-05;0.000560053765161455;0.00148607741227998;0.00302651356524024;0.000141859075822413;8.23088069301022e-06;0.000192858481058848;0.00316840466990455;0.000177789298081205;0.000583728785251938;0.000154061490072483;0.000609160456156911;0.000469696368425491;0.00039542030009958;0.000161854060130971;0.00630529633087373;3.7897748715819e-05;0.000100533070476134;0.000249395064897462;0.000523333553541857;0.00117923913910284
"root";"Bacteria";"Firmicutes";"Clostridia";"Eubacteriales";"Clostridiaceae";"Clostridium";"Clostridium celatum";0.000187142560995546;1.94479658868272e-05;0.000417998060911523;0.000125643175935797;0.000166439743809542;2.7817229674149e-05;3.92414560043418e-05;0.000660345711499187;0;0;7.97745850351404e-05;0;0;0;0;0;2.05202625280307e-06;0.00113512403262248;3.97061026474946e-06;0.000133190614850529;0.00205899387873304;0.00122796762289461;0.00561681255358603;0.0055057168033931;0.00219017145346286;0.0210892563043341;0.00316634258133963;0.00103740576802187;0.0047287632162589;0.00246330474464782;0.00317046249465089;7.5195467348003e-05;0.00324456896625137;0.00474875376122925;0.00186240892323218
"root";"Bacteria";"Firmicutes";"Clostridia";"Eubacteriales";"Clostridiaceae";"Clostridium";"Clostridium perfringens";0.0125587121436238;0.00547928431485536;0.00423430526685102;0.00665568105202948;0.00248892458578518;0.00158955598137994;0.00413831083489856;0.00114037103096941;0.00304644492348257;0.00652135554654292;0.00169201285893235;0.00317302048226024;6.96544342491385e-05;0.000570848566693891;0.00450042868659544;0.0097337344385061;0.00322783729565923;0.00633100187759966;0.00248632395487221;0.0146371247887563;0.0117576326039813;0.0203131747020214;0.000457932061225982;0.000725635736318328;0.000531368008378895;0.000375201248244584;0.00214200145838397;0.00318588151055135;0.000315632242001768;0.010441356855608;0.00441950912940976;0.00338788274084209;0.005625379415053;0.00401948218027106;0.0047639118516716
"root";"Bacteria";"Firmicutes";"Clostridia";"Eubacteriales";"Clostridiaceae";"Clostridium";"None";0.0150770286669971;0.00359067073873459;0.00610926046787112;0.0161163992454595;0.0133411961380643;0.00282623053489354;0.00208179249650152;0.00438831436808429;0.0430608467174427;0.001142307104821;0.00237923132620071;0.000841603594988474;2.4990522211523e-05;0.000590016619300612;0.000817720461370436;0.000819278650750472;0.000352127704981006;0.00930126728904946;0.00033966765992084;0.00658208563782404;0.0243868018676048;0.0263744152516188;0.0081434144850092;0.00773802230286054;0.00790453952910353;0.00760280774156577;0.00905351376287867;0.0089362697743547;0.0135069063901396;0.0259676413067215;0.00864984532981305;0.00223134375934835;0.016909593680694;0.0179428119693544;0.00926852832636865
"root";"Bacteria";"Firmicutes";"Clostridia";"Eubacteriales";"Eubacteriales Family XIII. Incertae Sedis";"Hornefia";"Hornefia butyriciproducens";0.000283124342864456;0;0;0.000273007714491002;1.43425029735678e-05;0.000173261601970414;0;0;0.000112639729296846;0;0;0.0014460810038601;0.000132396596397217;0.00378688839311519;0.00192425017312944;0.00420000320030723;0.00456247517048234;0.000434743795102854;0.000246538800983989;0.000109620365593273;0.0167379732838963;0.00154394892622043;0;0.000178748178747087;0.000207870908642497;0;0.000250194699220707;0;7.90763079641956e-05;0.000165609071627486;0.00106997977207662;0;0.000196778789010559;1.10719369578672e-05;0.0011217830960274
"root";"Bacteria";"Firmicutes";"Clostridia";"Eubacteriales";"Eubacteriales Family XIII. Incertae Sedis";"Mogibacterium";"None";0.000819570466186582;0;0.000390835732043626;0.000731711783924403;0.000318203438064736;0.000138291370380055;1.89556185783685e-05;4.78781730559674e-05;0.0017772365451556;5.4317196626935e-05;7.91656187371622e-06;0.00265066259276104;4.73224782303307e-05;0.000595108133274272;0.00164449548302332;0.00223821486862739;0.00603829245149831;0.000372326488961209;0.00215387558634182;0.00193575348661977;0.00983333353741638;0.00199866925094611;8.20821619178647e-05;0.00056353433452326;0.000455458292896196;3.11945610549769e-05;0.000360875625641763;3.77863028087437e-05;0.000305873889104059;0.00017255284821564;0.00334763446989734;0;0.000489057639457462;0.000254285485465684;0.00117392078984038
"root";"Bacteria";"Firmicutes";"Clostridia";"Eubacteriales";"Lachnospiraceae";"Blautia";"None";4.29507517038958e-05;0.00110349199031923;2.33897831918e-05;4.38686343097867e-05;2.53495401393291e-05;0.000120806254584876;0.000689053363059291;0.000340743361489223;0.000102582610609628;0.00769296101802936;0.00451274475116724;0.000285231703382352;0;2.84525780881006e-05;3.30959789634464e-05;5.2004992479278e-06;0.000606989365579148;0.0121728262628799;0.00101611526320634;9.57775207913917e-05;0.000248879277937847;0.00154140325610301;4.68566187466353e-05;0.000211768834668305;4.80441237232274e-05;0.000127666629502776;0.000177027476152446;0.000317557615523987;8.95076507169193e-05;0.000111100425410473;0.0107067456413641;5.39445744018282e-05;0.00013534244375533;0.000251332968943586;0.00126496496375567
"root";"Bacteria";"Firmicutes";"Clostridia";"Eubacteriales";"Lachnospiraceae";"Enterocloster";"Enterocloster clostridioformis";0.00142745508468968;0.00703584188083439;6.03607308175484e-05;0.000755562691898656;0.00132918312441087;0.00502856034709544;0.00593676671686026;0.00590953450290798;0.00871233824561323;0.000674850018698283;0.00636643816221279;0.00166911567481837;0.000145689427360793;0.000543593991893711;0.00113619120233945;0.000247223733478414;0.00889019853764401;0.00272676533923443;0.00181529082012955;0.000891554031429244;0.00199317709551454;0.00303825728515101;0.00045959364345104;0.0027630920760523;0.000739559211179547;1.64637961123489e-05;0.000399939482025666;0.00478855510139897;5.14837239086039e-05;0.00262995538276353;0.0089062867627901;0.00147448503364997;0.00121808199379797;0.000556180299850197;0.0026569889750592
"root";"Bacteria";"Firmicutes";"Clostridia";"Eubacteriales";"Lachnospiraceae";"Enterocloster";"None";0.000500069466266786;0.00392200645384349;5.28156394653548e-05;0.000406317253704238;0.00104199951835874;0.000641783227482151;0.00918682391627071;0.00514721450074413;0.00957092883525348;0.000680446335926513;0.0047395846971641;0.000132168693901192;6.69958680564233e-05;0.000729284501521314;0.000685024319300014;0.000131612634812942;0.00488915774992859;0.00159817335027794;0.00695434339642392;0.000617690182916358;0.000716025376502612;9.0053080404036e-05;0.00029941711695545;0.000718813286747828;0.000533289773327824;2.10852125649381e-05;0.000506590010565843;0.00162099422251247;2.35546449255051e-06;0.00779508359786229;0.00739985125133629;0.000625266657839373;0.00179564446726173;0.00501853995843595;0.00231874852995375
"root";"Bacteria";"Firmicutes";"Clostridia";"Eubacteriales";"Lachnospiraceae";"Faecalicatena";"Faecalicatena faecalis";0.00108779352784765;0.00573282816641696;0;0.000523442248220658;0.00078516865115764;4.76866794413982e-05;0.00227633700296373;0.00168102130982867;0.00170252652062198;0.000480954086496679;0.00162868036394262;0.000932469572045544;0;1.28785353451403e-05;0.00495846454640087;0.00158175184817742;0.00110275890825637;0.00334186611778146;0.00273105793300859;0.000935327351478435;0.00167144016917668;0.000386623649084466;1.36249742454755e-05;0.00157926062657923;1.9217649489291e-06;2.48401134326668e-05;1.05410406115292e-05;0.00170343706500427;0.000101957963034686;0.000392670566060139;0.0238673705120775;0;0.000145987355061929;2.21438739157344e-06;0.00180720304576885
"root";"Bacteria";"Firmicutes";"Clostridia";"Eubacteriales";"Lachnospiraceae";"Lachnoclostridium";"None";0.00154885669919967;0.0084130459836349;0.00081788790257778;0.00708414557742409;0.00990866827525064;0.000255521124006826;0.00928126945445065;0.00164837710092688;0.00699774318256659;0.0429787287274106;0.00463271111186894;0.0143466201743849;5.31713238543042e-06;0.000197071540862844;0.0042668834765515;0.0034731334208084;0.000312728800927188;0.010665738632611;0.00207193662906017;0.00183922770394719;0.00104143579771778;0.0012963825073005;2.65853156009278e-05;7.75030271208744e-05;3.3951180764414e-05;2.88838528286824e-05;0.000163386129478702;0.0109263483889485;8.41237318768038e-06;0.00202411087544705;0.00511840677864399;0.00018962335244279;0.0033945101455129;0.0232067798636897;0.00524358624233943
"root";"Bacteria";"Firmicutes";"Clostridia";"Eubacteriales";"Lachnospiraceae";"Lachnoclostridium";"[Clostridium] scindens";0.000958502999759388;0.000221130575083554;0.00050250308405609;8.98668139744174e-05;0.000207465973245562;0.000492762354227782;0.000621877311255248;0.000632054063784297;0.000135627429153346;0.00947851540896569;0.00138631177734731;0.000141886980217456;0;0.000184792007161664;2.87248119305384e-05;3.96038019649886e-05;0.00100097840611734;0.00023769381117894;0.00199324635290423;3.14269990096754e-05;0.00430564212078206;0.000191879885101179;1.66158222505799e-05;0.00982787505529595;0.000971131887525503;0.00235114562025474;0.00145466360439103;0.000207633825534915;8.7488681151876e-05;0.000421834427730388;4.26349673052964e-05;0.000376794678776406;0.000272205589125889;0.000422947991790528;0.00115692544465747
"root";"Bacteria";"Firmicutes";"Clostridia";"Eubacteriales";"Lachnospiraceae";"Niameybacter";"None";3.50618381256292e-05;0.0063530021896969;0.0012902106212251;9.79590863228246e-05;0.000156433346386123;0.000110871529701251;0;0.000109435824127926;0;0;0;0;0;0;0;0;0;0.000795094870676422;0;0.000518545483659644;0.00448656174348965;0.00670211300166009;0;1.3644899140999e-06;2.43423560197686e-05;0;0;0.00141450543645661;3.70144420257937e-06;0.00851793074068918;0.000473406044375106;0;0.00641401527271046;0.00436197409683442;0.00123136851224335
"root";"Bacteria";"Firmicutes";"Clostridia";"Eubacteriales";"Lachnospiraceae";"None";"None";0.0307856086932321;0.0633254581076409;0.025278319557254;0.0325505266578617;0.0332609314888652;0.0047030987599079;0.0162529464347474;0.0180295520250757;0.0231805091890457;0.0368958610954561;0.0288366855913093;0.0652252504402384;0.000593923687452578;0.0166366716593454;0.0382102443919488;0.0217136845137133;0.0321560721919252;0.0351997317507401;0.0646238478462147;0.0210183021114828;0.118802967204262;0.0418979116276983;0.00428023581174938;0.00160955230267224;0.00322696364341011;0.00227835831112646;0.00388933395504804;0.00237404851990289;0.0132838102532023;0.0129411164273436;0.0152570020038435;0.00373933981649037;0.0118669471245966;0.018927476229474;0.0253780085124787
"root";"Bacteria";"Firmicutes";"Clostridia";"Eubacteriales";"Lachnospiraceae";"Roseburia";"None";0.0323651445007917;0.0216542295724329;0.0132469168870462;0.0188958818426019;0.000259832786428123;0.00182878415657762;0.00322844114313687;0.0116884921702088;0.00465845737591958;1.02050490632423e-05;0.00720407130508176;0.00645197028536776;1.91416765875495e-05;0.000842795313051737;0.000629760278955391;0.000760072967004832;0.00140933163042515;0.00203219136275124;0.000942478491023714;0.000882949019795642;0.00700168123615552;0.000218291212569501;0.00183338982712899;1.61009809863788e-05;0.000237978559509053;0.000697545045812679;0.000157185517354273;6.10687722161514e-06;0.00664005440449988;0.000687086693397892;0.00803400691318099;0;0.000767041894721219;0.000651398957687855;0.00458702988042581
"root";"Bacteria";"Firmicutes";"Clostridia";"Eubacteriales";"None";"Flintibacter";"None";0.000730601051942798;0.011362654143137;0.00229521678933728;0.00245749533948999;0.00034088460555782;0.00027101929482528;0.000957425015563561;0.00487207045428614;0.00912812826676766;0.00124435759545342;0.0113139848501364;0.0109262693053758;0;0;4.18383130292625e-05;0.000406839056549429;0.000591393966057844;0.000406801163865025;0.00120526069763622;0.000433617760145402;0.000697964026689165;0.00147935254699068;0.000135917426009744;0.000178748178747087;0.000249829443360783;0.0001600165446709;2.20121730417227e-05;0.000729771827983009;0.000516856208651083;0.00129258401188497;0.000735847954232152;0.0028680532056972;0.000480541710412183;0.000286025038078237;0.00202409935192957
"root";"Bacteria";"Firmicutes";"Clostridia";"Eubacteriales";"None";"Intestinimonas";"Intestinimonas butyriciproducens";0.00222686499395402;0.00154791402558488;0.00165841107921214;0.000489369522543154;0.000880562973260905;0.000687482961946825;0.00133720249655473;0.000145189005306083;0.000766065097717839;0.00581457360013062;0.000773996164730255;0.00136201782722442;0;4.19301150772008e-06;5.30784568281688e-06;0.00115531090984735;2.42139097830762e-05;1.01609568137562e-05;1.55214764894752e-05;0.00605007144030311;0.00105153790863039;0.000128238132165465;0.000546328235599067;0.000776394761122844;0.000550585657868186;0.000365958415339405;0.000548444142405738;2.8625986976321e-05;0.000551178691256819;0.000978030932441567;0.00206858545073845;0;0.000493011463657056;0.00445645462554156;0.00110287657948047
"root";"Bacteria";"Firmicutes";"Clostridia";"Eubacteriales";"None";"None";"Clostridiales bacterium";0.00432794564363235;0.00703728247090008;0.000977843839244284;0.00157671538072651;0.0032020471754942;0.00236525930029335;0.0321883031196292;0.00266438924084182;0.0172965200645265;0.0238073918791512;0.00218009934676185;0.0046506859166482;0;4.79201315168009e-06;0.000388721639712177;0.000664463788523698;0.000153081158459109;0.00153611893545107;0.000525925377794543;4.78887603956959e-05;0.00820077118902458;0.00705182443404185;0.000903236097541523;0.00453037941279449;0.00193233465614821;0.000275263117457343;0.0027698134359824;0.0117820745596274;0.000405476387646194;0.00204598377169974;0.0122946613125569;7.68301514207857e-05;0.00466186287164427;0.00538612826543714;0.00493859160924589
"root";"Bacteria";"Firmicutes";"Clostridia";"Eubacteriales";"None";"None";"None";0.121465164091594;0.103381785179209;0.083157469829066;0.0731268838490595;0.102180660835828;0.1221359181633;0.0822497592303886;0.0585316883553754;0.111200124593333;0.108626821765855;0.0602349879150638;0.136599746547093;0.000756096225208206;0.0143308148309213;0.0480413112751756;0.0378372323743079;0.0421153764072796;0.172341802974693;0.0602045586215485;0.0252373767285317;0.102038667207079;0.0580129580973152;0.0464561774303963;0.0399839208508522;0.0765451790924785;0.0608597221026752;0.110329971774814;0.106931420150481;0.0206577600945955;0.13119675642308;0.105237942594385;0.0177992575264941;0.0730949562585387;0.112831157021103;0.0772273948946211
"root";"Bacteria";"Firmicutes";"Clostridia";"Eubacteriales";"Oscillospiraceae";"None";"None";0.0205642063336581;0.0503176501094848;0.0210183609798056;0.0123343266952565;0.0243198818444592;0.0165786714967974;0.0579802489105508;0.0266448251001011;0.0509579836568948;0.028161985072976;0.0562352972699432;0.0554316474050232;4.14736326063573e-05;0.000860166360726577;0.00430372617011458;0.0193794604282011;0.00132725058031302;0.0420159193161966;0.0153615691851766;0.00242287197126974;0.0095106782373592;0.00623816462275874;0.0187585986880147;0.014789433280946;0.0152472831048035;0.0096847558534572;0.0379158130490642;0.0506878442990584;0.00586106864732068;0.0482280002930274;0.0305348477694806;0.00169026333125728;0.0260736457543836;0.0702001400230961;0.0250493546903995
"root";"Bacteria";"Firmicutes";"Clostridia";"Eubacteriales";"Oscillospiraceae";"None";"Oscillospiraceae bacterium";0.00593684574062216;0.00115247205255273;0.0159352329358328;0.00232120443677997;0.00173177384741311;0.00262992037119311;0.00933713864605005;0.00117736780105811;0.00332718220798007;0.0109872166946702;0.00120362188795385;0.000110302549689598;2.65856619271521e-06;0;1.24890486654515e-05;0.000132412711620316;4.76070090650312e-05;0.00361512327780854;4.54815357598575e-05;1.45911066830636e-05;3.76533224924418e-05;0.00113027753213829;0.00169747240111924;0.000166740667503008;0.00440084173304763;0.00390682993360758;0.00278438487447481;0.0004637409890164;0.0458945431627091;0.00235914809582551;0.000791115504442722;8.90902819666557e-05;0.00745113377429625;0.0097311253922695;0.00413602176742647
"root";"Bacteria";"Firmicutes";"Clostridia";"Eubacteriales";"Oscillospiraceae";"Oscillibacter";"None";0.00140597970883773;0.00047683531174369;0.00315158465781124;0.00140933311583577;0.00311132250552186;0.000530514308785555;0.00109244222859545;0.000196797945093684;0.000633311131046555;8.55907340788067e-05;0.00011661704606282;9.08659770570697e-05;0;7.18801972752014e-06;1.40501797486329e-05;0.000759672928601146;2.58555307853187e-05;0.00223069291193426;7.72464178778532e-05;0;4.89799316974853e-06;0.000666965570766288;0.00156521045600463;0.00324748599555777;0.00253737032090272;0.000827233545013463;0.000732912353107499;0.000121374184779601;0.00053771889415653;0.00735623691749092;0.000319920162076039;1.38948146186527e-05;0.00192916206907878;0.00112823037600667;0.00107072100917277
"root";"Bacteria";"Firmicutes";"Clostridia";"Eubacteriales";"Oscillospiraceae";"Ruminococcus";"None";0.000476402725531987;0.000136135761207791;0.000439124316697664;0.000292173622684599;0.00170042046881973;0.0176945397957262;0.00122878966047494;0.0104274930149165;0.000401422708744119;5.69507576755137e-05;0.000315140059203704;2.8183030317166e-05;0;1.22795337011802e-05;0.000265080057924208;0.000160415399878388;1.76474257741064e-05;0.00263858274974362;1.40776182113845e-05;0.000102886008662628;0.000412655924551313;0.000243747913743787;0.0147372373869293;0.0154138238656381;0.022899430837281;0.000136042946823094;0.00274191068142247;0.00617863302896912;0.000289049142728698;0.00360312567159339;3.82135632884508e-05;0.0009718196812693;0.0104149812223765;0.000182317895239547;0.00337266866111028
"root";"Bacteria";"Firmicutes";"Clostridia";"Eubacteriales";"Peptostreptococcaceae";"Peptostreptococcus";"None";1.88457379925257e-05;0.000386798432638009;0;0.00591928426832442;1.73444222005936e-05;4.29180114972584e-05;0.00179047456887607;0.000625525222003938;0;0;0.000545024836690463;0.000115647607163543;1.75465368719204e-05;0.000807454216058096;2.21680613811764e-05;2.32022274138317e-05;1.47745890201821e-05;7.43927195292864e-05;5.99201185407646e-05;5.61196410887061e-06;0.0032283897480105;0.000401579461024359;0;0;0;0;2.48024484977157e-06;0.000700764161180337;2.01896956504329e-06;0.000487453116488449;2.58967949558096e-05;0.0178245951296223;0.000615275873521422;0.000637005439642627;0.00101212919056387
"root";"Bacteria";"Firmicutes";"Clostridia";"Eubacteriales";"Peptostreptococcaceae";"Romboutsia";"None";0.00328836214320745;0.00475178633168146;0.00950756961289909;0.00706412785108856;0.00498652138267065;0.00967244814669694;0.000929157865051958;0.00100979419536222;0.00426881586335192;0.000519799111963214;0.000974955043063052;0;0;0;0;4.52043396166032e-05;0.000154722779461351;0.00823835862806761;0.000423772404619625;0.000682788966579257;0.0170266487563383;0.0253583746660001;0.00615516519450482;0.00187890261171556;0.00387748107862261;0.011726844248445;0.00235065205637101;0.00626870946798794;0.00559052672560487;0.00174809575606791;0.00338647966233106;0.000624449315802981;0.00276037757196264;0.00293480142296534;0.00435899097647356
"root";"Bacteria";"Firmicutes";"Clostridia";"Eubacteriales";"Peptostreptococcaceae";"Terrisporobacter";"Terrisporobacter othiniensis";0.000243241501996553;0.00315417194883024;8.37505140093484e-05;0.000560070428323975;4.16933225975807e-05;0.000118819309608151;0.000227134868228521;0.0017836173949486;3.73550122668113e-05;0.00035125120485418;0.000896093907474879;0;0;6.52911791916413e-05;0;0.000228821966908823;5.70463298279253e-05;0.0063114057466017;0.000263865100321078;0.000482628913362872;0.0241991475042888;0.00457647845360723;0;0;6.40588316309699e-06;0;0;1.18320746168793e-05;0.000176996331868795;0.00482939661706148;0.000251072585242301;0.000203518167061443;0.000257606853619696;0.000382350889611681;0.00146473717674983
"root";"Bacteria";"Firmicutes";"Clostridia";"None";"None";"None";"None";0.00398477790297776;0.000393281087933618;0.00494203483568677;0.000648233606014518;0.00345420839056437;0.00196190947001819;0.00152576101820271;0.000626457913686846;0.00160942633620316;0.00219638991451461;0.000675343624457792;0.000246358558117296;0.000363160141924898;0.000193777031821064;9.52289960740676e-05;0.000786875540051845;0.000256092876349823;0.00185800353165828;0.000140776182113845;0.000354676131680622;0.000139286680764724;0.000449947193255502;0.0351441256422015;0.0108659789819432;0.00255178355801969;0.0172410605919688;0.0705480845069025;0.000622519796778393;0.00121541967815606;0.00580569160535601;0.00394894541618834;0.000749502647370856;0.00774767058926579;0.00125518858645688;0.00542935231072589
"root";"Bacteria";"Firmicutes";"Erysipelotrichia";"Erysipelotrichales";"Erysipelotrichaceae";"Faecalicoccus";"None";4.82100274227401e-05;0.00497219661173217;3.54619293553097e-05;4.72759068775371e-05;2.33482606546452e-05;3.57650095810487e-06;0.000166942465374403;0.00243898875080561;9.48242619080595e-06;0.00426340614251779;0.00157722271176346;0.00724838384898561;0;2.96505813760206e-05;0.000418070904075988;0.000216820814798221;0.000201919383275822;0.00746576301890736;0.00121067516617906;0;0.000506942293068972;0.00043244571119818;0.000161838108720648;0.00321883170736167;9.73694240790742e-05;5.17020965633414e-05;0.000270656719231323;0.0104545921235788;2.75925840555917e-05;0.000336425975696088;0.0271262610870653;0.00413411602006738;0.000428837855494417;0.00400471959766057;0.00240087431632624
"root";"Bacteria";"Firmicutes";"Erysipelotrichia";"Erysipelotrichales";"Erysipelotrichaceae";"None";"None";0.000315556543130663;0.0119929122968768;0.00350016787828259;0.00113845494669961;0.000386914033705549;0.00100658632520885;0.00241301698955512;0.00022540049003621;0.00310563825061305;0.000816074729928314;0.000288650025241653;0.000590385893713046;0;5.0615638914621e-05;2.81003594972658e-06;0.000779274810381797;0.000285642054390187;0.0049004843147487;0.000299600592703823;7.81933665835971e-05;0.000277961112383229;0.0103952439245196;9.77010348334098e-05;9.46956000385332e-05;0.000100252071502468;2.455127490438e-05;0.000148194629773851;0.00109961957971708;0.000108351366657323;0.000461066765453462;0.000176856160673822;1.06254464730874e-05;0.000391428595759797;0.000656934926166788;0.0013594076972212
"root";"Bacteria";"Firmicutes";"Erysipelotrichia";"Erysipelotrichales";"Turicibacteraceae";"Turicibacter";"Turicibacter sanguinis";0.00051628556639989;0.0031916272905382;0.00555695978089055;0.00146299765877784;0.00274575545298628;0.00413602466355061;0.0003318896024774;0.000633608549922478;0.000676413068277491;0;0.000146760877812739;0.000118077178742609;0;0;0;0.000187217972925401;4.10405250560614e-05;0.00528805223893055;0;6.36022599005335e-06;1.86735989596663e-05;0.000139693647693893;4.98474667517397e-06;0.000187753812180147;8.51982460691899e-05;1.35754108294807e-05;8.58784779233406e-05;0.0132309311804555;7.06639347765152e-06;0.00544218490096612;0.00214027535872588;1.47121566550441e-05;0.00664212051499473;0.00568322524047324;0.00172751012762815
"root";"Bacteria";"Firmicutes";"Negativicutes";"Acidaminococcales";"Acidaminococcaceae";"Phascolarctobacterium";"None";0.00175966600093002;0.000316209519419154;0.00296748442881772;0.00182502036910132;0.00226244645743512;0.00280596369613094;1.39672978998505e-05;0.000309342741497971;0.0062848371407669;1.21802198496763e-05;0;0.00998602510427721;1.96733898260926e-05;0.00131091509780649;0.00939832134696888;0.00567374467948923;0.00909991562068048;0.00248725707148161;0.000849349632086863;0.00204425145939127;0.00191327858193302;0.000383759770202358;0.00127975062973966;0.00345625295241505;0.00202682143280389;0.000587208728007112;0.00336228192447158;0.000787405481762002;0.000236555934037572;0.00154394872437616;4.23191527326645e-05;4.08671018195668e-06;0.00138292604888873;0;0.00224803433368849
"root";"Bacteria";"Firmicutes";"Negativicutes";"Veillonellales";"Veillonellaceae";"Veillonella";"Veillonella caviae";0.00873171251221138;0.000363028696554109;0.00124795810965281;0.0159217588000267;0.00293187444506188;0.00294067856555289;4.82204332256743e-05;0.000108503132445017;0.00406594941211831;0.000389108644927498;0.000509095825109751;0.00368954739996968;0.00638534428166339;0.0169014303859757;0.0110634237602902;0.00770553973181425;0.017526356225191;0.000187614809739713;0.000183009036747998;0.00188749059528348;0.00396094585146101;0.000308980710502894;0.00380901109272293;0.00302207226174846;0.00534955302950229;0.00735238473754109;0.00500296389259548;0.000715649674408024;0.00878823802170594;0.00206993980092887;0.0004257180439077;0.000691471362787071;0.00644230032275371;0.000241737290246768;0.00444025326165805
"root";"Bacteria";"Firmicutes";"None";"None";"None";"None";"None";0.0184451564919404;0.00935231070646537;0.0302150728289943;0.00906462275742903;0.00695744812850349;0.0321002882659772;0.0134834307940342;0.0201787845597244;0.0222667481197498;0.0221587826627409;0.00648762245551044;0.00384989912418804;0.000549259775414962;0.0072335438524611;0.00698106597777074;0.00215980734150478;0.0161872038926117;0.0256389971716251;0.00629125148221076;0.000761356464103446;0.0161079689124374;0.0164946695258785;0.0106896230866881;0.0104678208250088;0.0104137239640886;0.00185954244511057;0.0151130619614768;0.0535924277775891;0.0201099463526137;0.0381741061710384;0.00845814588422554;0.00472260228626914;0.0124040589350952;0.032246647325223;0.0150357940678148
"root";"Bacteria";"Fusobacteria";"Fusobacteriia";"Fusobacteriales";"Fusobacteriaceae";"Fusobacterium";"Fusobacterium mortiferum";0.00148223920676097;6.48265529560908e-06;0.00257363066023322;0.00130413357530647;3.63565773050904e-05;0;0;0;0.000187924446326882;0;1.70510563433888e-05;0.00021671778485269;0.000612001937563041;0;0.00555044545314327;0.000204019585880244;0.000613966254838678;0;0;0.0755411523457449;6.00004163294194e-05;1.59104382339286e-06;0.00017047833629095;0.000382057175947973;0.000184489435097193;7.68310485242951e-05;0.00206077343955395;0.000669084735593209;0.00113230543106178;0.000635702746645548;0.00138579434470845;0.000210056903352574;0.00367006127819229;0.0004974990339735;0.00292596608554968
"root";"Bacteria";"Fusobacteria";"Fusobacteriia";"Fusobacteriales";"Fusobacteriaceae";"Fusobacterium";"None";0.0105636935542755;0.000176472283047136;0.0140036895496712;0.00393795527017755;0.00436078799712616;0.000301618247466844;0;0;0.000576703920149926;0;8.83001132068348e-06;0.0190220877211396;0.00330193921135229;0.0170790343734098;0.0549930279885825;0.0304197202931481;0.00981566237765819;0;4.40376774817668e-05;0.0714743490215166;0.000488268694109306;6.42781704650717e-05;0.0177417103662792;0.0204648926296532;0.0144901077149254;0.00606243187021214;0.00794701452927433;0.000988932430075302;0.0241435110486427;0.000622856759957462;0.0075855502200438;0.000349822391575492;0.00638816334525158;0.00071487806291296;0.010239177286203
"root";"Bacteria";"None";"None";"None";"None";"None";"None";0.00461106998649681;0.00229918174484269;0.00437841651167791;0.00205586308556641;0.00525902893916844;0.00455606483163026;0.00648082622553062;0.00213804023445382;0.00522539152363049;0.00548735363984473;0.00367724299034119;0.00308749956267712;0.00480615596319056;0.00455900151217965;0.00580459759348521;0.00564654206803853;0.00966627486645413;0.00403498852900554;0.00723842251263827;0.00819945369400055;0.00596422505788816;0.00650609640261809;0.00636585382064217;0.0314730514606455;0.00789076688030287;0.00823651947262706;0.012660409835659;0.0202339926343427;0.00807587826017317;0.0114638279582137;0.00575698384450554;0.00270295011434615;0.0130086898973101;0.0244586468690592;0.00776497966244666
"root";"Bacteria";"None";"None";"None";"None";"None";"bacterium UBP9_UBA11836";0.010292840854755;0.000351503976028581;6.03607308175484e-06;0.000325820439291134;0.0039068311006837;0.00993591705061067;0.0131335832371142;0.000495881078079662;0.00107151415956107;0.000141224711230031;0;0;0;0;0;0;0;0;0;0;0;0;0;0;0;0;0;0.00215381926009839;0;0.0291780964122548;0;3.26936814556535e-06;0.0214741316489637;0.020185617332453;0.00331341431477504
"root";"Bacteria";"Proteobacteria";"Betaproteobacteria";"Burkholderiales";"Sutterellaceae";"Sutterella";"Sutterella parvirubra";3.50618381256292e-06;0;0.000147129281367774;2.12954535484401e-06;7.00447819639356e-06;2.94067856555289e-05;1.56300714593565e-05;0;5.40210946627733e-05;0;0;0.0162135029757393;0.000345613605052977;0.00326216295300622;0.0149284720960308;0.0068494575479246;0.00232453533917532;0;0.000690164256927361;0.0331996314061973;0.000157041906005062;4.23217657022502e-05;2.32621511508118e-06;0.000212041732651125;1.66552962240522e-05;0.000163193768482055;0.000131452977037893;0.000910306385847007;8.07587826017317e-06;0.00413189425878136;0.00203416166232158;0.0439435772445438;0.00472877374271432;0.00102230884577641;0.00398754409705957
"root";"Bacteria";"Proteobacteria";"Deltaproteobacteria";"Desulfovibrionales";"Desulfovibrionaceae";"Desulfovibrio";"Desulfovibrio piger";0.00288821891559871;0.00326005531865852;0.0059372323850411;0.00257845351564513;0.00183317200797043;0.0021518614097931;0.000231458079483237;0.00187439938541836;0.0022513578546959;0.0030710613777738;0.00101331991983568;0.00181197448366745;2.65856619271521e-05;0.00117703823038142;0.00151211156716954;0.00151134508912856;0.00149510632779232;0.00114855101126923;0.000921181581421876;0.00165440701929506;0.000514901531969814;0.00188347767813247;0.00214875813344499;0.00121139414573789;0.00104511983805927;0.0015016715085632;0.000700049108848025;0.00488473841763941;0.00145904200567129;0.00279174537726753;0.0047027948010605;0.000121783963422309;0.00272509729448934;0.004763885408405;0.00202362795160816
"root";"Bacteria";"Proteobacteria";"Gammaproteobacteria";"Enterobacterales";"Enterobacteriaceae";"Escherichia";"Escherichia coli";0.00387389483990546;0.000345741615765818;5.80972034118903e-05;0.0187135927602272;0.00158101079290026;0.00172506562879258;9.61083117394474e-05;5.78268843403243e-05;0.000700262806878609;3.62114644179567e-06;0;0.03816711176418;0.000702924901353901;0.015908585161112;0.0710255319866392;0.0120731590232662;0.00627837952307627;0.000668445801819247;0;0.000340833286878742;7.13270255344629e-05;0.00213740827234597;0.013982214423863;0.038710851760997;0.012160288008507;0.00868364151441506;0.0177855257871057;7.17558073539779e-05;0.0444529988932682;3.99267153818886e-05;8.05327160211154e-05;0.000385785441176711;0.00334311043091818;9.59567869681826e-05;0.00924475050066428
"root";"Bacteria";"Proteobacteria";"Gammaproteobacteria";"Enterobacterales";"Enterobacteriaceae";"Escherichia";"None";0.00241050137113701;6.77077330874726e-05;3.01803654087742e-06;0.0140596843417511;9.00575768107744e-05;8.38490780177919e-05;4.68902143780695e-05;7.46153346326765e-06;3.39068572883364e-05;1.64597565536167e-06;0;0.00298448572772472;0.000328067068181057;0.00561354390637125;0.00890063275765064;0.0092172848593465;0.0224897973254711;0.000555949494238375;1.44385827809071e-06;7.22072715341352e-05;3.58165750537861e-05;0.0110466172658166;0.00296326574016842;0.00697063317517076;0.00745516682521228;0.0101679827112811;0.00388406343474228;4.73282984675173e-05;0.0118668301134695;2.291446274091e-05;0.000171487312939081;0.000952203472395907;0.00182240881568975;2.140574478521e-05;0.00365871349808409
"root";"Bacteria";"Proteobacteria";"Gammaproteobacteria";"Enterobacterales";"Enterobacteriaceae";"None";"None";0.0368644548782631;0.00362308401521263;0.000124494007311194;0.0376277886928808;0.0252104512151435;0.0288416985041483;0.00105586121028632;0.000171615269655156;0.00810689970064268;7.57148801466367e-06;3.34931463887994e-06;0.021757785319168;0.0030834050703111;0.0152559728700175;0.0581268425249609;0.0381708644029827;0.0364456278707847;0.00424582838289098;5.41446854284018e-06;0.0204810500807936;0.00112715067818838;0.0359594996612668;0.103679407679168;0.119900184833804;0.0584962829862946;0.0816948005021169;0.0973948748220424;0.000472519625022471;0.160456596697033;0.00396350767651861;0.0188443397343684;0.00536176375872717;0.0411507939887273;0.000659149313558362;0.0314226744483378
"root";"Bacteria";"Proteobacteria";"Gammaproteobacteria";"Pasteurellales";"Pasteurellaceae";"Actinobacillus";"Actinobacillus porcinus";0.00878474354237639;0.000681399101071799;0.00376726411215024;0.00492478658761226;0.0113932841063053;0.00107175812044543;8.31386779753005e-06;0.000162910147281344;9.56863006526783e-05;7.7031660670926e-05;2.40541687701378e-05;0.00347525918669605;0.000462590517532446;0.00383960053778368;0.0111158777646851;0.00635661023458252;0.00806733601026998;0;5.1617933441743e-05;3.74130940591374e-06;1.31633566436992e-05;0.00046808509284218;0.0294964076592294;0.00124032133191681;0.000150217960174624;0.0460746555167292;0.00557528039168027;0.000489695217208264;0.0113455994707608;0.000560015581834664;0.000558675978985698;0.00211528119018078;0.00111893224848508;0.000308907041124495;0.0048199736249214
"root";"Bacteria";"Proteobacteria";"Gammaproteobacteria";"Pasteurellales";"Pasteurellaceae";"Actinobacillus";"None";0.00523034970239074;0.000622334908378472;0.0163683211794487;0.00662799696241651;0.0125266753877979;0.00779081125373844;0.000342863907970139;0.00031587158327833;0.00225882885714926;9.05286610448917e-05;7.4902854651315e-05;0.012457871228819;0.00171637033401694;0.000275540756221605;0.0102747403370669;0.0117467276858578;0.000663214884905952;1.45156525910803e-06;1.33556890723391e-05;2.58150349008048e-05;1.95919726789941e-05;0.000642781704650717;0.0219654523823766;0.00827999769674102;0.00290090419040847;0.0289034938486059;0.00633051494843571;0.0224297966753397;0.0126892237162971;0.000402739042112963;0.00358481121394385;0.00115326961334818;0.00334554355350254;0.00587772226636644;0.00611618869409392
"root";"Bacteria";"Proteobacteria";"Gammaproteobacteria";"Pasteurellales";"Pasteurellaceae";"None";"None";0.0279819764621115;0.000656188774922208;0.0606942238553153;0.0538928302041084;0.0591634918591286;0.0266330104680209;0.000460920830695066;0.000413182415528446;0.0214337313461999;0.000111267954302449;0.00299185142196675;0.00927707611750574;0.00383896958228076;0.00533351063781995;0.0156266099164295;0.0315038243671392;0.00697114358602258;1.45156525910803e-06;8.66314966854428e-06;0.000405557939601049;0.000124286576682369;0.00120951151454325;0.0553768800802877;0.0173148312139621;0.0174127919080884;0.0509791337270395;0.0310808783043062;0.000229007895810568;0.0574649212450447;0.000383643656495538;0.00949275442416739;0.000443816725760496;0.00829086520622539;0.000206676156546855;0.0169826317967349
"root";"Bacteria";"Spirochaetes";"Spirochaetia";"Spirochaetales";"Sphaerochaetaceae";"None";"Sphaerochaetaceae bacterium";1.40247352502517e-05;0;0.00160559543974679;4.34427252388179e-05;1.66773290390323e-05;0.000647744062412326;0.000463913823102177;2.17628059345306e-05;0.00349298099319507;0.000118181052054968;0;0;0;0;0;0;0;0;0;0;0;0;0.00120298553094198;0.00813263278601824;0.00146758783266552;0.000222694505309141;0.00549653261770002;0.00555802163132248;0.00309272487871882;0.00191787109364828;3.88451924337145e-05;3.35110234920448e-05;0.0010398557644932;0.000808251397924307;0.00104223050648946
"root";"Bacteria";"Spirochaetes";"Spirochaetia";"Spirochaetales";"Spirochaetaceae";"Bullifex";"Bullifex porci";0.000650397097230422;1.29653105912182e-05;0.0129488857786346;0.000652492696724206;0.000179114513879207;0.00655532886721088;0.000365810183091322;0.000562413084793799;0.0232095311601145;0.000100075319845989;0;0;0;0;0;1.52014593400966e-05;1.47745890201821e-05;0;0;0;0;0;0.00149741790122226;0.00373379020094297;0.000612082136233917;0.00214693678075596;0.00251868864494303;0.00431412707724474;0.00546736958213723;0.0292874608935182;8.653319290112e-05;0.000196979430770312;0.00776956869252508;0.00747355744656037;0.00324622064824211
"root";"Eukaryota";"None";"Bigyra";"Opalinata";"Blastocystidae";"Blastocystis";"None";0.000641631637699014;3.60147516422727e-06;0.0154259392695597;0.000925500411215208;0.00134586045344991;0.00401005235202625;0.0022400885393665;0.000220115237166396;0.0147948836276429;2.4689634830425e-05;0;0;0;0;0;2.80026882580728e-06;0;0;0;0;0;0;0.00342319170006447;0.00381620539175461;0.00581301867635236;0.00199067513695279;0.0178763647547286;0.0115851277692303;0.000170939423173665;0.0115218084927248;0.000376450970577135;4.82231801470889e-05;0.00258519274588833;0.00527651608955425;0.00306231991876749
"root";"Eukaryota";"None";"Bigyra";"Opalinata";"Blastocystidae";"None";"None";0.000736736873614783;0;0.00965168085772599;0.00123130312417081;0.00173644349954404;0.00391666593812018;0.00311836553349757;0.000206435759150405;0.00352257765676031;1.4813780898255e-05;0;0;0;0;0;0;0;0;0;0;0;0;0.00225443476295868;0.00260453834803389;0.00311389980558145;0.00156550482331458;0.00253605035889143;0.00660420603535042;8.71521862243688e-05;0.00575187733679782;0.00052614707800462;0;0.00211438352581361;0.00331235447322861;0.00160604622816711
"root";"Unable to found taxonomy consensus";"Unable to found taxonomy consensus";"Unable to found taxonomy consensus";"Unable to found taxonomy consensus";"Unable to found taxonomy consensus";"Unable to found taxonomy consensus";"Unable to found taxonomy consensus";0.00706715174719713;0.00754725135415466;0.0087636236055728;0.0130055593911034;0.0195901913289897;0.00674845991894854;0.00645987527868085;0.00342826372914385;0.0197277566705995;0.0094189310902416;0.00603911877704952;0.0109554241643246;0.000328067068181057;0.0051738766997046;0.00398057203589602;0.00320150734470509;0.00496426191078118;0.00255185172551191;0.00689081363218793;0.00148118439380125;0.00457319499767958;0.00277350759293844;0.0142035371762407;0.0117777311425447;0.00680176674257638;0.00235374516700933;0.00774890497189883;0.00703321416016889;0.00414023358804878;0.013227547211605;0.00964402960445804;0.00155294986914354;0.00872973969238031;0.0086110144366986;0.00736749583000489
"root";"Unknown";"Unknown";"Unknown";"Unknown";"Unknown";"Unknown";"Unknown";0.00802127201719082;0.000826178402673735;0.0056874898612835;0.000865873141279576;0.0024919265050122;0.00781982065039862;0.00360190008460192;0.000400746526423;0.00696067551654798;0.00162523636210411;0.00106447308886584;0.00272403565444884;0.00511986677393095;0.000374675528296987;0.000291307060121656;0.000873683873651871;0.00041450930306622;0.00320251585290709;0.00161315066119685;0.000377872249997288;0.000986027249985;0.00186629440483983;0.00287752809735543;0.00595408818916633;0.00250149737518937;0.00358593032868091;0.0138369759862694;0.00522634186222351;0.00189749489621319;0.00602650370085933;0.000759534047179539;0.00628617760188577;0.00179290720435432;0.00531157722325417;0.00333135550827809
"root";"Viruses";"Uroviricota";"Caudoviricetes";"Caudovirales";"None";"None";"None";0.000632866178167607;0.00136207790711075;0.000851840813662651;0.000484684522762497;0.00151296729042101;0.000268237571857865;0.000705348543942449;0.00406995560698487;0.00106231907961847;0.0088013610243499;0.000422318127647862;0.000221576928010822;2.12685295417217e-05;0.000947920101566719;0.000983512582404304;0.000922088520497968;0.000164572505474806;0.000857875068132844;0.000123088918207233;0.000213628767077674;0.00425360094335348;0.00164291185203547;0.000447297934985611;0.00451837190155042;0.00187179906025694;0.000167237507878071;0.00583849637636227;0.0012519098304311;0.00078908060500442;0.000679101350321514;0.00110219285848507;0.00023866387462627;0.000837602449667818;0.000785000330312786;0.00144272869007974
"root";"Viruses";"Uroviricota";"Caudoviricetes";"Caudovirales";"Siphoviridae";"None";"Siphoviridae sp.";0.00046807553897715;0.000263627982021436;0.000638314728395574;0.000636308152027391;0.00184117712590916;0.00115520980946787;0.00616789224163159;0.00108907298840944;0.00408319018701069;0.00258187741300031;0.000601658702402433;0.000458703114127667;0.000190353339398409;0.00124083190546316;0.000202010362163678;0.00108170384356898;0.000319295284936157;0.0018986473589133;0.000240763367871627;0.00172811081459156;0.000788883024902622;0.00296538747803962;0.000942449438052892;0.00507753986834856;0.00291211448594389;0.000390220851715499;0.00129406775036832;0.00140916191888769;0.00102967447817208;0.00189703976388382;0.00163907763195917;0.000210056903352574;0.00118280171632467;0.000433281799617871;0.00144289945205461
"root";"Bacteria";"Firmicutes";"Clostridia";"Eubacteriales";"Lachnospiraceae";"Mediterraneibacter";"None";0;0.00076999539011179;4.52705481131613e-06;4.89795431614123e-05;3.86914033705549e-05;2.7419840678804e-05;2.19486109854793e-05;5.78268843403243e-05;2.12636223672618e-05;4.80624891365607e-05;2.89258991539631e-05;0.00117639855858377;0;0.000859267858260637;0.00206631310169895;2.2802189010145e-05;9.72660443828654e-05;0.00725710051291058;0.00674787166265695;0.00420859895071236;0.0304670481387014;1.46376031752143e-05;0.000180447829641298;3.00187781101978e-06;1.24914721680391e-05;6.64328615059694e-06;0.000226942403754099;8.35878819708572e-05;6.22515615888348e-05;0.000162484372162816;5.36884773474102e-06;0.00153415100230654;0.000142337671185381;1.14410015231295e-05;0.00165929689900611
"root";"Bacteria";"Lentisphaerae";"Lentisphaeria";"Victivallales";"Victivallaceae";"Victivallis";"None";0;4.89800622334908e-05;8.2996004874129e-06;0;0;4.09310665205335e-05;9.64408664513486e-06;0;0.000349987730315202;0;0;0;0;0;0;0;0;0;0;0.00126942628142653;0;0;0;0.00204537038123575;1.2811766326194e-06;1.67526346406358e-05;0.000417921257186509;0.0594038848136086;0;0.000532240475482046;0.00144074608034639;0;0.00570749730227533;0.0117380984981656;0.00244209004256476
"root";"Bacteria";"Firmicutes";"Clostridia";"Eubacteriales";"Eubacteriaceae";"Eubacterium";"Eubacterium coprostanoligenes";0;0;0.0117469527262301;0.00226029943963144;0.000974623109041047;0.00706398678125246;0.00299399007124652;8.05223819577634e-05;0.000192521986298181;0;0.0220123047730169;0;0;0;0;0;0.00211563906663996;0.0281883086579336;0;0;0.00168154228008929;0.00448769820826191;3.65548089512758e-06;0;0.00410745228417779;8.00082723354501e-05;0;0;1.68247463753608e-06;0.0159206909613207;0.0205623710094855;0.000200248798915878;0.0254014956404526;0.0426269572877888;0.00566773387328261
"root";"Bacteria";"Fusobacteria";"Fusobacteriia";"Fusobacteriales";"Fusobacteriaceae";"Fusobacterium";"Fusobacterium sp. FSA-380-WT-3A";0;0;0.000342547147389587;8.09227234840725e-06;0.000593045820627988;0.00123627716451825;0;0;0;0;0;6.46266040031565e-05;0.000339233046190461;0.00170835268857395;0.0284834610650786;0.00103929977277819;0.00594472005437049;0;0.000114786733108212;0.0290160992285046;7.98985135815228e-05;0.000243111496214429;0;0;0;0;8.0607957617576e-06;5.19084563837287e-05;0.000512145279665982;0;0;0;2.43312258436548e-06;0;0.0020525911547554
"root";"Bacteria";"Kiritimatiellaeota";"Kiritimatiellae";"None";"None";"None";"None";0;0;0;4.17390889549427e-05;5.33674529249033e-06;0;0;2.17628059345306e-06;0;0;0;0;0;0;0;0;0;0;0;0;0;0;0.00115347038063526;0.00802401938885588;0.0233750676621409;0;0.00730680132742704;0;0.00678743918274804;0;0.000127273272770625;0.00102167754548917;0.00290028212056366;1.66079054368008e-05;0.00149299679120318
"root";"Bacteria";"Kiritimatiellaeota";"Kiritimatiellae";"None";"None";"None";"Kiritimatiellae bacterium";0;0;0;0;6.90441422215937e-05;0;2.99299240711082e-06;0;0;0;0;0;0;0;0;0;0;0;0;0;0;0;0.00282103430170345;0.00418025130083646;0.00811785543843466;3.72601701490002e-05;0.015165147103322;0;0.00331884947000366;1.94425744468327e-05;0.000211595763663323;0.000147938908586832;0.00293282513512955;3.69064565262241e-06;0.0010890567043105
"root";"Bacteria";"Firmicutes";"Bacilli";"Lactobacillales";"Enterococcaceae";"Enterococcus";"Enterococcus cecorum";0;0;0;0;0;0;0;0;6.3216174605373e-06;6.25470749037433e-06;0;0;0.00248203739751892;0.0174036932644362;0.000169226609416868;0.000461644317854514;0.0126216030757411;0.00296119312858038;0.00211128176713815;2.65632967819875e-05;0.000910720605000116;0.000218291212569501;0;0;0;0;0;0.000273282755667277;9.42185797020203e-06;0.00054230895153487;0;0;5.65701000864975e-05;1.66079054368008e-05;0.00118461831090248
"root";"Bacteria";"Firmicutes";"Bacilli";"Lactobacillales";"Enterococcaceae";"Enterococcus";"Enterococcus hirae";0;0;0;0;0;0;0;0;0;0;1.21793259595634e-06;0.104599859279214;0.668432663569614;0.278390806043567;0.0597994383674815;0.0972969405062886;0.29204273467793;0;0;0.0001171029844051;0.000201123844532799;0.000221791508980965;0;1.09159193127992e-06;1.6975590382207e-05;0.0049737994570991;0;0;0;0;0;0;3.64968387654823e-06;1.47625826104896e-06;0.0442970785675341
"root";"Bacteria";"Firmicutes";"Negativicutes";"Veillonellales";"Veillonellaceae";"Megasphaera";"Megasphaera elsdenii";0;0;0;0;0;0;0;0;0;0;0;0.000123422236216555;0.00174774141509098;0.0227548744507529;0.00207724101928122;0.00705307709540116;0.0340213640557232;0;0.000547583251965903;0.000143666281187088;0;0;4.32011378515077e-06;0.00259062055091007;0.000603434193963736;0;0.00212370965261691;0;0.00110033841294859;0;0;0;0.000366184948947005;0;0.00221345816702325
"root";"Bacteria";"Verrucomicrobia";"Opitutae";"Opitutales";"None";"Candidatus Merdousia";"None";0;0;0;0;0;0;0;0;0;0;0;0;0;0;0;0;0;0;0;0;0;0;1.99389867006959e-06;0.00374688930411833;0;0.0124567392094258;0;0.0119767312710663;9.75835289770924e-06;0.00496723058233635;0;1.22601305458701e-05;0.000888698023939493;0.000170507829151155;0.00100678848829856
"root";"Bacteria";"Chlamydiae";"Chlamydiia";"Chlamydiales";"Chlamydiaceae";"Chlamydia";"Chlamydia suis";0;0;0;0;0;0;0;0;0;0;0;0;0;0;0;0;0;0;0;0;0;0;0;0;0;0;0;0;0;0;0;0.0790574084699521;0;0;0.00232521789617506
